Trial Num,Task Completion Time,Is Timeout,Target Offset Position X,Target Offset Position Y,Target Offset Position Z,Target Offset Position Magnitude,Target Offset Rotation X,Target Offset Rotation Y,Target Offset Rotation Z,Target Offset Rotation W,Target Offset Rotation Angle,Target Offset Rotation Axis X,Target Offset Rotation Axis Y,Target Offset Rotation Axis Z,Total Thumb Tip Translation,Total Index Tip Translation,Total Middle Tip Translation,Total Thumb Tip Translation_left,Total Index Tip Translation_left,Total Middle Tip Translation_left,Total Wrist Translation,Total Wrist Rotation,Total Wrist Translation_left,Total Wrist Rotation_left,Total Die Translation,Total Die Rotation,Total Die Local Translation,Total Die Local Rotation,Total Die Local Translation_left,Total Die Local Rotation_left,Total Head Translation,Total Head Rotation,Total Grabbed Time,Total Grabbed Time_left
1,21.19393,False,-0.0001380891,-0.001927257,0.004246145,0.004665098,-0.009935878,-0.007516889,-0.02574686,0.9995909,3.278016,-0.3473842,-0.26281,-0.9001772,0.4745109,0.4565117,0.4646437,0,0,0,1.626074,290.0351,0,0,0.4071967,630.6025,0.4346355,546.2629,0,0,0.07624212,20.57923,6.303274,0
2,30.00082,True,0.0006134808,0.0006530285,0.0007486939,0.001167625,0.07213032,0.01018998,0.00987546,0.9972942,8.4315,0.9812011,0.138616,0.1343376,0.4647779,0.4553509,0.5269907,0,0,0,0.8784621,589.0727,0,0,0.4579859,902.8232,0.6654,772.728,0,0,0.1730492,34.17474,6.469995,0
3,30.01239,True,0.003869168,0.004057765,0.006463587,0.008556511,-0.05167406,0.07396602,-0.03581101,0.995277,11.14155,-0.5323091,0.7619448,-0.3688993,0.4837381,0.4830246,0.5090058,0,0,0,0.9919444,468.3271,0,0,0.6235563,959.9146,0.5227773,988.4135,0,0,0.1254922,35.23285,8.856751,0
4,17.59674,False,0.003565341,0.0004143715,0.003781199,0.005213524,0.002393007,-0.01915605,0.006953331,0.9997895,2.351395,0.1166297,-0.9336227,0.3388896,0.3864879,0.3964111,0.4893775,0,0,0,0.9419805,429.5427,0,0,0.4864942,763.4431,0.3674203,798.8244,0,0,0.09881498,28.58237,7.362174,0
